blk_ID,sequence,anomaly
blk_-1030832046197982436,[4],0
blk_-1046472716157313227,[10],0
blk_-1049340855430710153,[12],0
blk_-1055254430948037872,[0],0
blk_-1067234447809438340,[12],0
blk_-1071115021179995772,[4],0
blk_-1082541280306680938,[10],0
blk_-1090213273274684471,[13],0
blk_-1094025072435547068,[13],0
blk_-1096621677333075077,[12],0
blk_-1101091099241306483,[1],0
blk_-1110880362999960078,[4],0
blk_-1111344660779690782,[10],0
blk_-1125621902344947014,[16],0
blk_-1133573997287815203,[15],0
blk_-1141332313413855099,[13],0
blk_-1148756466197125339,[12],0
blk_-1162676743264290624,[4],0
blk_-116589515245909549,[15],0
blk_-1180596628202464893,[10],0
blk_-11867600358649678,[15],0
blk_-1197396592032418307,[12],0
blk_-1201318815778694289,[13],0
blk_-1227720343537039835,[4],0
blk_-1233005817943453613,[4],0
blk_-1236077201457689973,[13],0
blk_-1237539644269634790,[0],0
blk_-1250775350296476256,[12],0
blk_-1259190292740306590,[15],0
blk_-1263913006422225885,[10],0
blk_-1271403908410292619,[4],0
blk_-1278725622357466169,[10],0
blk_-1281276222788579863,[10],0
blk_-1282453782148343691,[1],0
blk_-1305222006484630743,[0],0
blk_-1306900105984505600,[10],0
blk_-1312981516354612257,[10],0
blk_-1331750856499198500,[4],0
blk_-1332315107905285608,[0],0
blk_-1335063409877429524,[4],0
blk_-133919539232421451,[4],0
blk_-1342669964196815853,[4],0
blk_-1345585044778938153,[10],1
blk_-1347057913082589493,[10],0
blk_-1367876730256254709,[11],0
blk_-1368324087589035770,[9],1
blk_-1379379987510648393,[0],0
blk_-1383276859207001328,[18],0
blk_-1387034299358896632,[12],0
blk_-1417908110808566576,[0],0
blk_-1432303681669932458,[16],0
blk_-1435656632270396446,[0],0
blk_-1440254020029439248,[13],0
blk_-1442905060580014339,[16],0
blk_-1451819169209310732,[10],0
blk_-1484647023667047838,[12],0
blk_-1485109068671160157,[13],0
blk_-1485317050914225917,[12],0
blk_-1490623381339215624,[12],0
blk_-1492402439215451727,[10],0
blk_-1496429201748767714,[0],0
blk_-1508527605812345693,[11],0
blk_-1522107359378428427,[13],0
blk_-1522998827901549925,[13],0
blk_-1525964299678787959,[4],0
blk_-1527267659500322006,[12],0
blk_-1533191386601391937,[1],0
blk_-1535908830476495455,[10],0
blk_-1547954353065580372,[18],1
blk_-1573544581830458089,[4],0
blk_-1581605246928123722,[10],0
blk_-1592043549272047369,[13],0
blk_-1598760065436384831,[10],0
blk_-1599621098605751235,[10],0
blk_-1614641487214609125,[13],0
blk_-1635752698830216319,[0],0
blk_-1641081065757890722,[4],0
blk_-1649239999940418046,[12],0
blk_-165500353496111884,[12],0
blk_-1657856234642335063,[15],0
blk_-1661553043410372067,[0],0
blk_-1674094254141559552,[2],0
blk_-1675768179383804109,[0],0
blk_-1680175975862749862,[4],0
blk_-1680563440028826904,[12],0
blk_-1690784932539647416,[15],0
blk_-1693418636466747515,[10],0
blk_-1704027189958470814,[0],0
blk_-1727475099218615100,[1],0
blk_-1728983474612515818,[15],0
blk_-1732662141253491971,[3],0
blk_-1733026139299872187,[15],0
blk_-1733154814375651491,[12],0
blk_-1733803097614960767,[12],0
blk_-1750007847201154657,[10],0
blk_-1751996688557225241,[12],0
blk_-1753161039594546561,[15],0
blk_-1754204887541031211,[10],0
blk_-1755309160709170318,[4],0
blk_-17685631368401548,[1],0
blk_-1775264355226395799,[10],0
blk_-178934379749864379,[15],0
blk_-1798958443298220150,[15],0
blk_-1800458850981311953,[10],0
blk_-1821104627978106102,[0],0
blk_-1842096107468319932,[12],0
blk_-1846853350696018836,[13],0
blk_-1849105860762445186,[13],0
blk_-1851265222873801714,[11],0
blk_-185994527242886002,[13],0
blk_-1868325377308234190,[15],0
blk_-1897524391075610396,[10],0
blk_-190773840747023361,[12],0
blk_-1910608563003942187,[12],0
blk_-191333338640084691,[12],0
blk_-1932467763723526131,[0],0
blk_-1939956833921604216,[10],0
blk_-1941312615450572331,[2],0
blk_-1948505589144820414,[0],0
blk_-1956140031907143783,[13],0
blk_-1957299792594627113,[12],0
blk_-1970947032352756307,[0],0
blk_-2004529166303428909,[3],0
blk_-2012430628930443984,[4],0
blk_-2013946318750925538,[13],0
blk_-2014243777892518956,[12],0
blk_-2015110815660478655,[15],0
blk_-2016403519138424998,[1],0
blk_-2020273862360001901,[13],0
blk_-2023442822091562967,[0],0
blk_-2025578204394955498,[4],0
blk_-2025617675484194470,[12],0
blk_-20269367189114433,[11],0
blk_-2032740670708110312,[11],0
blk_-2035996502664501008,[0],0
blk_-2051219911597308805,[2],0
blk_-2068111211565768713,[12],0
blk_-2073265102548439691,[1],0
blk_-207775976836691685,[3],0
blk_-2082401934988378573,[13],0
blk_-2094397855762091248,[13],0
blk_-2098161025946048013,[10],0
blk_-210021574616486609,[3],0
blk_-2117066166574895060,[13],0
blk_-2125743956855238111,[0],0
blk_-2129171714384027465,[13],0
blk_-2141627858612526069,[13],0
blk_-2144263949276079479,[0],0
blk_-2151458111813215098,[13],0
blk_-2192382893903170466,[15],0
blk_-2194976790278647102,[13],0
blk_-2210703755506918304,[10],0
blk_-2225353020301959077,[4],0
blk_-2230892279625104430,[1],0
blk_-2242088550278361724,[13],0
blk_-2243784245784480521,[13],0
blk_-2250942073136893488,[15],0
blk_-2268450354164990110,[12],0
blk_-2268477281422551537,[12],0
blk_-227411387418683230,[13],0
blk_-2281067667503210140,[0],0
blk_-2285729896739318683,[16],0
blk_-2313277713021896570,[15],0
blk_-2321016155994168744,[0],0
blk_-2332150303475653460,[0],0
blk_-2345355483730155757,[0],0
blk_-23492739449820023,[0],0
blk_-2402036602753320612,[0],0
blk_-2421414377433740760,[12],0
blk_-2425070029518924403,[10],0
blk_-2439225174716664723,[4],0
blk_-2445347158368483245,[10],0
blk_-2451769929123196359,[4],0
blk_-2452477352812192142,[13],0
blk_-2466006073687914843,[12],0
blk_-2480595760294717232,[0],0
blk_-2492400942012223395,[4],0
blk_-2506231977021079951,[15],0
blk_-2518425063392446785,[10],0
blk_-2530087534157630851,[0],0
blk_-253282915050290778,[10],0
blk_-2541428592126088938,[2],0
blk_-2557432794238860908,[16],0
blk_-2583370070230800221,[15],0
blk_-2589662411410634043,[4],0
blk_-2591043665372016488,[12],0
blk_-2600305892036631113,[0],0
blk_-2654726224018724510,[0],0
blk_-265588615173040885,[13],0
blk_-2656323385657954732,[16],0
blk_-26568864070436835,[12],0
blk_-2658615574293326723,[10],0
blk_-2667669005094349452,[15],0
blk_-2680500627064966252,[12],0
blk_-2722768686407017386,[10],0
blk_-272707591443354058,[11],0
blk_-2746863406163228797,[15],1
blk_-2780312306380730204,[12],0
blk_-2794533871450434534,[16],0
blk_-2808875502459981198,[10],0
blk_-2826763604408365998,[10],0
blk_-2827716238972737794,[18],0
blk_-2834195813213005328,[4],0
blk_-28342503914935090,[15],0
blk_-2843780069100181052,[0],0
blk_-2852294661215451806,[0],0
blk_-2856928563366064757,[13],0
blk_-2890295200276774269,[10],0
blk_-2895171018912807248,[0],0
blk_-2896670847306153652,[12],0
blk_-2901225370888235702,[16],0
blk_-2901266958756042716,[15],0
blk_-2907776069874917892,[4],0
blk_-290874442865281380,[13],0
blk_-2916658835497879256,[0],0
blk_-2918118818249673980,[11],0
blk_-2923662094689783995,[10],0
blk_-2929627680703662712,[10],0
blk_-2934265883100282310,[13],0
blk_-2935178173527646581,[13],0
blk_-295306975763175640,[15],0
blk_-29548654251973735,[0],0
blk_-2959268996938658555,[0],0
blk_-2975629975082443857,[16],0
blk_-2989288139685694818,[15],0
blk_-3010126661650043258,[2],0
blk_-3023983271692989109,[13],0
blk_-3025440686907267472,[12],0
blk_-3055230140330616860,[1],0
blk_-305633040016166849,[11],0
blk_-3056652732896088330,[11],0
blk_-309134958179110212,[16],0
blk_-3091906986951252347,[2],0
blk_-3134225108208373949,[16],0
blk_-3140031507252212554,[11],0
blk_-3140754468249228022,[11],0
blk_-3152434225121092058,[1],0
blk_-3157541550945505354,[15],0
blk_-3170270010972115378,[0],0
blk_-3172594752427649592,[15],0
blk_-3183355402229300197,[12],0
blk_-3184700311670257792,[0],0
blk_-3187293586306086277,[15],0
blk_-3225035678192156905,[4],0
blk_-3228470001178394592,[12],0
blk_-323838382557775734,[4],0
blk_-3242342105286997235,[4],0
blk_-3249711809227781266,[0],0
blk_-3253005280055520211,[0],0
blk_-3261177124784025140,[15],0
blk_-3265479347842446682,[15],1
blk_-3275237990609680332,[0],0
blk_-3275788837420923000,[4],0
blk_-3276232266876914214,[13],0
blk_-3283153974358895314,[13],0
blk_-328970571549408286,[4],0
blk_-3295982945091621137,[12],0
blk_-3300851862683571086,[13],0
blk_-3316519570098743145,[4],0
blk_-3329473910909732817,[0],0
blk_-3339018122410311668,[12],0
blk_-3358448553918665902,[16],0
blk_-3362838757940877177,[4],0
blk_-3363550789841756902,[12],0
blk_-337665304078248571,[15],0
blk_-337972286882621518,[13],0
blk_-3384560576963801177,[16],0
blk_-3396836569886642130,[10],0
blk_-3402248757106237109,[12],0
blk_-3417101330634563680,[15],0
blk_-3436382429367583573,[13],0
blk_-3437475890798229344,[10],0
blk_-3452734573703603740,[12],0
blk_-3455521536483250153,[13],0
blk_-3457731723401426942,[16],0
blk_-3482997549732691785,[13],0
blk_-3486808304671603275,[15],0
blk_-3491385689517593364,[13],0
blk_-3509323198988774369,[15],0
blk_-3510473878877779134,[0],0
blk_-352190670750948803,[12],0
blk_-3522956055443924791,[1],0
blk_-3564493590065542578,[10],0
blk_-3572295706132449090,[11],0
blk_-3573208405519699182,[0],0
blk_-3575568207121859434,[0],0
blk_-3575718350717794894,[9],0
blk_-357695136519539363,[12],0
blk_-3582070652284403613,[4],0
blk_-3594701313167635091,[10],0
blk_-3607708283707030582,[10],0
blk_-3607860197409267245,[13],0
blk_-3612946656596896413,[15],0
blk_-3620767662957963389,[13],0
blk_-3622135859810774312,[0],0
blk_-3636681193077858741,[10],0
blk_-3657665801189425193,[16],0
blk_-3657751236932275338,[15],0
blk_-3663004104512304532,[0],0
blk_-3671953658029337449,[4],0
blk_-3673133694834392576,[15],0
blk_-3677956642639780952,[13],0
blk_-3681974396824196300,[4],1
blk_-3684613761619321001,[0],0
blk_-3693786175267111588,[13],0
blk_-3696162841836791939,[16],0
blk_-3702595599317472079,[13],0
blk_-3710747952520609225,[12],0
blk_-3724350946705225881,[0],0
blk_-3734839878416656496,[13],1
blk_-3738901473077208093,[15],0
blk_-3741526967786688540,[13],0
blk_-3752135158991310104,[15],0
blk_-3754029959138975487,[4],1
blk_-3787594914477940893,[13],0
blk_-3792836284792472725,[4],0
blk_-3802183646922512795,[12],0
blk_-3805070405372551730,[13],0
blk_-3816036740130815667,[13],0
blk_-3845286823494684378,[13],0
blk_-3854777877236596649,[4],0
blk_-3860035787700398391,[10],0
blk_-3860894070657427592,[16],0
blk_-3884471885525630813,[15],0
blk_-3888538223380979891,[0],0
blk_-3894803026385053344,[4],0
blk_-3897674589140998025,[0],0
blk_-3909548841543565741,[13],0
blk_-3922743468150895472,[13],0
blk_-3949633496933134307,[0],0
blk_-3955287039966096707,[0],0
blk_-3967261531426400230,[12],0
blk_-3981735565440284420,[13],0
blk_-3990317238913332296,[0],0
blk_-4034227974316905164,[13],1
blk_-4052810234606327693,[0],0
blk_-4067446915270471579,[13],0
blk_-4068751061953213467,[12],0
blk_-4071286774767564790,[13],0
blk_-4092973201423074374,[0],0
blk_-409558225151784282,[0],0
blk_-4110699195744660699,[10],0
blk_-4110733372292809607,[0],0
blk_-4117999745005013424,[18],0
blk_-4139299269696044017,[2],0
blk_-4149539113118855204,[4],0
blk_-4165176068096983220,[10],0
blk_-4165562468976768862,[12],0
blk_-4174618838156947380,[0],0
blk_-4181768899028058192,[11],0
blk_-41928108292416895,[12],0
blk_-4196449318426994195,[12],0
blk_-420564586555502239,[13],0
blk_-420818767915591010,[0],0
blk_-4208396523159735354,[0],0
blk_-4223625526513535681,[10],0
blk_-4229375751333894621,[12],0
blk_-424018194735922479,[4],0
blk_-4265150363959543078,[4],0
blk_-4269939382058952254,[4],0
blk_-4289592006812254261,[12],0
blk_-4295805058711840933,[10],0
blk_-4298255715894292387,[10],0
blk_-4301178988618507084,[10],0
blk_-4304240611296196935,[10],0
blk_-4311652947826112510,[10],0
blk_-4312777901444596370,[1],0
blk_-4325209272072286951,[12],0
blk_-4330512786228504138,[13],0
blk_-4334868513923498900,[15],0
blk_-4342304152206614489,[0],0
blk_-4347054230277727863,[0],0
blk_-4352313989800650828,[10],0
blk_-4358842839092719327,[13],0
blk_-4365612131648152536,[15],0
blk_-4368236874477798428,[10],0
blk_-4380385204018751771,[10],0
blk_-4385347171136037814,[4],0
blk_-4390972361898978900,[1],0
blk_-4405302133414008227,[0],0
blk_-4411589101766563890,"[12, 14]",1
blk_-4424971182856566289,[12],0
blk_-4427507243535536615,[0],0
blk_-4430291708660291878,[12],0
blk_-4433556521525567493,[13],0
blk_-4434479572312007079,[15],0
blk_-4438918035940270891,[4],0
blk_-4455205822455130625,[0],0
blk_-4468166796563085237,[15],0
blk_-4468645577339843974,[1],0
blk_-4473020641607592551,[15],0
blk_-4473277914543734578,[15],0
blk_-4510259260131940043,[0],0
blk_-4526931594457272384,[15],0
blk_-4551689611865410817,[9],0
blk_-4566099704755845087,[12],0
blk_-4578850505370039622,[12],0
blk_-4582442491366282435,[12],0
blk_-4590972095204776122,[11],0
blk_-4595094649363595358,[0],0
blk_-4598246018559857954,[10],0
blk_-4619809198345103330,[0],0
blk_-4624597753370705281,[12],0
blk_-4633546693082073737,[12],0
blk_-463998587096565542,[3],0
blk_-4651707530079874243,[0],0
blk_-4654885003331291932,[1],0
blk_-4655280636272058732,[15],0
blk_-4657423175636611807,[4],0
blk_-4657886075935807358,[15],0
blk_-4673509946769671609,[15],0
blk_-4681205519208992498,[4],0
blk_-4684475480143348818,[12],0
blk_-468830939205980722,[10],0
blk_-4702684774678057084,[4],0
blk_-4737948505610037427,[11],0
blk_-4741127506068309449,[0],0
blk_-476906696485288376,[0],0
blk_-4775386099844009890,[13],0
blk_-4779205255695723216,[12],0
blk_-4794867979917102672,[0],0
blk_-4799092443170733505,[12],0
blk_-4801855948459616884,[1],0
blk_-4831379247767940447,[15],0
blk_-4841792440390267307,[11],0
blk_-4844505495441326897,[10],0
blk_-4846710336436578833,[13],0
blk_-4853183643928986291,[12],0
blk_-4854562124894030819,[15],0
blk_-4861262918414696307,[15],0
blk_-4875138366845786590,[0],0
blk_-488298625688742454,[2],0
blk_-490230821467544285,[4],0
blk_-4917866339076366459,[12],0
blk_-4935573595350235765,[13],0
blk_-4937215748597091532,[12],0
blk_-4941547144875557718,[10],0
blk_-4945182943709543868,[0],0
blk_-4954795063440871977,[4],0
blk_-4956232013010963754,[15],0
blk_-4967783186426171722,[15],0
blk_-4970213618915792510,[0],0
blk_-4980916519894289629,[18],0
blk_-4984504651603069357,[18],0
blk_-5003122231679852524,[15],0
blk_-500534246236005335,[1],0
blk_-5005618994659797504,[4],0
blk_-5009020203888190378,[15],0
blk_-5009274684359267777,[0],0
blk_-5012639079435860269,[0],0
blk_-5014786445735476734,[10],0
blk_-5029807829679779067,[15],0
blk_-5045144756510626150,[13],0
blk_-5057534532247887258,[15],0
blk_-5073870177832699716,[12],0
blk_-5078186985701364847,[15],0
blk_-5086369325828333421,[16],0
blk_-5102453487463005287,[12],0
blk_-5124326558394984439,[13],0
blk_-5135777574223073423,[15],0
blk_-5140072410813878235,[5],1
blk_-5144503768267321004,[15],0
blk_-5144548163293169177,[12],0
blk_-5145508449157510071,[15],0
blk_-5145886774827574591,[4],0
blk_-5159573936338473350,[0],0
blk_-518701095493827363,[13],0
blk_-5195432543794777448,[13],0
blk_-5205950257901523262,[10],0
blk_-5214060566378896158,[0],0
blk_-5215520749152394224,[12],0
blk_-5217146995455608468,[15],0
blk_-5224756755359850354,[15],0
blk_-522892190802801712,[15],0
blk_-5236578579938215340,[13],0
blk_-5236655516146555545,[16],0
blk_-524128780228307052,[0],0
blk_-5255262711039499896,[1],0
blk_-5263787695149681326,[12],0
blk_-5293091556505218722,[4],0
blk_-5306443381473737599,[13],0
blk_-5309211894896608429,[13],0
blk_-531469051872229488,[4],0
blk_-5319073033164653435,[1],0
blk_-5321676321043683563,[12],0
blk_-5330522460969948971,[0],0
blk_-5340841684362207777,[13],0
blk_-5340885607150360719,[11],0
blk_-5341992729755584578,[16],0
blk_-5343533992609553091,[1],0
blk_-5344266425789048231,[10],0
blk_-5352085087037370841,[0],0
blk_-5362598472846558076,[4],0
blk_-5363213609331400263,[0],0
blk_-5368528328022648701,[4],0
blk_-5382946262718129284,[4],0
blk_-5385105076403314787,[13],0
blk_-5400783031085008882,[0],0
blk_-5403209762224435166,[4],0
blk_-5404881839098659470,[0],0
blk_-5421365489363678155,[13],0
blk_-54240672253074715,[12],0
blk_-5427918313707752877,[0],0
blk_-5429042599096020592,[10],0
blk_-5429479049793046826,[10],0
blk_-5439682406172672049,[15],0
blk_-5442040196315589272,[12],0
blk_-5450224419450631495,[13],0
blk_-5455316994110506037,[0],0
blk_-5471660287004025096,[0],0
blk_-5504500392858491441,[12],0
blk_-5511630179413516751,[0],0
blk_-5513640508500780385,[4],1
blk_-5534560875087182998,[13],0
blk_-5542336029922582303,[0],0
blk_-5569558931000121451,[12],0
blk_-5580048401594934039,[0],0
blk_-5580322334454533924,[12],0
blk_-5581540863377925517,[1],0
blk_-5586529360624346565,[13],0
blk_-5587827566367944828,[12],0
blk_-5598693099021996971,[10],0
blk_-5603192027616633151,[10],0
blk_-5610308397633191834,[12],0
blk_-5613694521084380933,[1],0
blk_-5623176793330377570,[15],0
blk_-5624558200776510955,[4],0
blk_-562725280853087685,[13],0
blk_-5633587983998853189,[13],0
blk_-5644397018622018109,[13],0
blk_-5646228903161999640,[15],0
blk_-566178736644429906,[4],0
blk_-5668584889663038916,[13],0
blk_-5671206752084326639,[13],0
blk_-5680441982827916621,[12],0
blk_-5704899712662113150,[13],0
blk_-5718504625725408070,[9],0
blk_-5718873743060788176,[0],0
blk_-5719934513583495857,[16],0
blk_-5722491454804415982,[12],0
blk_-5739126205963920408,[0],0
blk_-5773244829531118765,[0],0
blk_-577659324269246113,[13],0
blk_-5777981614298940026,[13],0
blk_-5785220384376578831,[13],0
blk_-5799866343936729403,[12],0
blk_-5802915611610989626,[4],0
blk_-5808893254440551816,[15],0
blk_-5814328448485070742,[13],0
blk_-5815145248455404269,[13],0
blk_-5817942497672492100,[15],0
blk_-5828360070550196756,[12],0
blk_-5836693155656083066,[15],0
blk_-5852844080027817147,[12],0
blk_-5861348317118763621,[0],0
blk_-5861636720645142679,[13],0
blk_-5880591395067598620,[10],0
blk_-5882295985950637419,[0],0
blk_-5892603381347650390,[15],0
blk_-5908283405801966540,[12],0
blk_-591552904934794824,[2],0
blk_-5919767990596301121,[16],0
blk_-5927343391895571936,[0],0
blk_-5934436507161953485,[10],0
blk_-5935642747315643391,[11],0
blk_-5949883083428548093,[0],0
blk_-5954527587435406374,[13],0
blk_-5957060034695163774,[15],0
blk_-5960135894031733009,[13],0
blk_-5961895238114806886,[0],0
blk_-5963475042722370536,[0],0
blk_-5970165518655489569,[13],0
blk_-5972745462629982078,[4],0
blk_-5974833545991408899,[13],0
blk_-6008397446568765070,[9],0
blk_-6031720401337601269,[13],0
blk_-6035642070260562886,[12],0
blk_-6050976999174805557,[16],0
blk_-6053005391233809507,[10],0
blk_-6056336045486998577,[4],0
blk_-6068451475575444798,[4],0
blk_-6068587951382721748,[0],0
blk_-6075803209168884005,[10],0
blk_-608202790716579401,[4],0
blk_-6114220623980201749,[4],0
blk_-6117917602803602155,[4],0
blk_-6127741703501838658,[10],0
blk_-6131345369657245178,[9],0
blk_-6135061626100136978,[15],0
blk_-6136511938931864993,[4],0
blk_-615578808743808725,[12],0
blk_-6160667975382232149,[18],0
blk_-6168484338203583997,[13],0
blk_-6177194341369822651,[10],0
blk_-6213380972217661202,[15],0
blk_-6220821375880228145,[12],0
blk_-6224982681533811277,[0],0
blk_-6247364168500873179,[0],0
blk_-6250368566161066085,[15],0
blk_-6255015379143356507,[4],0
blk_-6261136177206340449,[4],0
blk_-626413149556394155,[10],0
blk_-6276023454199613372,[15],0
blk_-6289001686128460561,[4],0
blk_-62891505109755100,[11],1
blk_-6290631608800952376,[11],0
blk_-6292499669518281202,[10],0
blk_-6299730951392868297,[0],0
blk_-6308508598639278892,[0],0
blk_-6314365697827006048,[0],0
blk_-6325232815283133921,[0],0
blk_-6329494504520216748,[15],0
blk_-6330812010936261924,[0],0
blk_-633826175832239328,[12],0
blk_-6338549285508312302,[0],0
blk_-6350492516478706425,[10],0
blk_-6369730481066968769,[12],0
blk_-6380328072112550668,[15],0
blk_-6390296685077811803,[0],0
blk_-6400421658804613208,[10],0
blk_-6412155847905320411,[15],0
blk_-6431101765137189231,[10],0
blk_-643763844763678010,[10],0
blk_-6441360440068187612,[13],0
blk_-6442394521537090621,[0],1
blk_-6449891932967810179,[0],0
blk_-6454539193224916125,[12],0
blk_-6464763289185102366,[0],0
blk_-6464892000340112134,[13],0
blk_-6477590833521072407,[4],0
blk_-6486714614940767660,[15],1
blk_-6500549130351529113,[12],0
blk_-6502143621885580798,[13],0
blk_-6520030462660619051,[16],0
blk_-6525012344542022819,[12],0
blk_-653434419514937486,[12],0
blk_-6540455811923725840,[0],0
blk_-6543889749770222531,[15],0
blk_-6555060221133060529,[0],0
blk_-657087263710195616,[16],0
blk_-6582383997201802925,[0],0
blk_-6592952246351162022,[0],0
blk_-6608350831463251448,[15],0
blk_-6618090096819679591,[15],0
blk_-6620182933895093708,[3],0
blk_-663653551898848389,[15],0
blk_-6640779266188771131,[4],0
blk_-664656559337730574,[16],0
blk_-6670958622368987959,[12],0
blk_-667933171485085225,[11],0
blk_-6695620358347030339,[12],0
blk_-6719337521981113643,[13],0
blk_-6750694665033046901,[10],0
blk_-6754647973871368247,[2],0
blk_-6766351519628312408,[12],0
blk_-6773301007994789531,[12],0
blk_-6783506473540833076,[4],0
blk_-6802124772693111025,[4],0
blk_-6802153775367591521,[1],0
blk_-6809181994368905854,[15],0
blk_-6811519872198278365,[13],0
blk_-6811828069408410657,[12],0
blk_-6832799704680039005,[13],0
blk_-6836642008179678048,[0],0
blk_-6837050820114491742,[12],0
blk_-6841570414687342011,[1],0
blk_-684595390732854503,[13],0
blk_-6865167803683277211,[12],0
blk_-6867873931012347356,[13],0
blk_-6883339133893273874,[12],0
blk_-6884056342993438262,[15],0
blk_-6891122177443047531,[10],0
blk_-6900989714336081087,[11],0
blk_-6901909114834172466,[10],0
blk_-6909400912794057067,[0],0
blk_-6909607053783233975,[1],0
blk_-6921441628286995043,[4],0
blk_-6927870228542972281,[15],0
blk_-6932221506331060207,[4],0
blk_-6934248664959947757,[12],0
blk_-6942784423611603919,[10],0
blk_-6945615463687647586,[0],0
blk_-6952295868487656571,[12],0
blk_-6956067134432991406,[0],0
blk_-6966935672736779591,[13],0
blk_-6978845808078082463,[4],0
blk_-6979800421545566530,[13],0
blk_-6986311820863339652,[13],0
blk_-6991853982611346454,[12],0
blk_-6995454028444097802,[0],0
blk_-6997219177553478996,[12],0
blk_-7007208336332784130,[13],0
blk_-7017553867379051457,[0],0
blk_-7024895786822269814,[12],0
blk_-7029628814943626474,"[13, 11]",0
blk_-7030770677241078854,[0],0
blk_-703436021914343546,[12],0
blk_-7048088870427586736,[15],0
blk_-7056746602297676104,[13],0
blk_-7096508472270520039,[10],0
blk_-7105305952901940477,[3],1
blk_-7106479503467535906,[10],0
blk_-7111788899695387329,[4],0
blk_-7115635482536854135,[0],0
blk_-7125370327234065733,[11],0
blk_-71429470616906355,[13],0
blk_-7152190882826520998,[13],0
blk_-7159695919045792245,[12],0
blk_-7170175035335391571,[12],0
blk_-7172347691639518373,[15],0
blk_-719178972315562824,[0],0
blk_-719470845056640928,[4],0
blk_-719498947487451844,[15],0
blk_-7200400342436668240,[12],0
blk_-7202857144668308473,[13],0
blk_-7207514537719465756,[13],0
blk_-7227576651324043655,[15],0
blk_-7228803354694123939,[15],0
blk_-7230947007726948080,[15],0
blk_-7238035741206373733,[15],0
blk_-7247291679155656679,[13],0
blk_-7256345477493725857,[12],0
blk_-7266711648018793699,[15],0
blk_-7269672042149855641,[12],0
blk_-7282356322111075290,[0],0
blk_-7285565997486715015,[4],0
blk_-7293871043749246063,[15],0
blk_-730776401372551814,[12],0
blk_-7319442762668598889,[12],0
blk_-7350482598011027441,[15],0
blk_-7353572928777348242,[10],0
blk_-7355153279766988632,[15],0
blk_-736188013503336717,[12],0
blk_-7364557883931785608,[16],0
blk_-7367386750462511488,[1],0
blk_-7369651436133452001,[4],0
blk_-7372087176866857012,[11],0
blk_-7380871572601322244,[13],0
blk_-7389979618829759505,[15],0
blk_-7391656937286046074,[11],0
blk_-7411687001739959508,[15],0
blk_-7411858598798393933,[10],0
blk_-7413910507260978729,[2],0
blk_-7418372263556457716,[15],0
blk_-7418499425236853516,[4],0
blk_-7423574498760490375,[10],0
blk_-743349875664670637,[16],0
blk_-7436749154361133879,[12],0
blk_-7446091384471755694,[10],0
blk_-7458279618877678162,[1],0
blk_-7460532841070848624,[15],0
blk_-7464161062429228045,[10],0
blk_-747046374856916711,[0],0
blk_-7483426835701512490,[12],0
blk_-7486746679002157277,[15],0
blk_-749176535135404637,[1],0
blk_-7492294065771709299,[15],0
blk_-7512746652453970810,[12],0
blk_-7513928662244669476,[10],0
blk_-7514806214244798312,[13],0
blk_-7515058933811567980,[10],0
blk_-7522572236891389139,[0],0
blk_-7526023914950151999,[15],0
blk_-7526945448667194862,[13],0
blk_-7527506469734664572,[1],0
blk_-7539658633533020967,[15],0
blk_-7548149518969960333,[10],0
blk_-7553009628768897700,[12],0
blk_-7555801584297376435,[0],0
blk_-7571492020523929240,[8],1
blk_-7584542530081657301,[4],0
blk_-7587189852169913514,[12],0
blk_-75893538967225087,[4],0
blk_-7592643790414500555,[1],0
blk_-7595375726951801956,[4],0
blk_-7601381921195183756,[10],0
blk_-7603740654202748654,[0],0
blk_-7603795308074215276,[3],0
blk_-7606467001548719462,[10],1
blk_-7623732795385061487,[15],0
blk_-762982068597249045,[0],0
blk_-7630699912570186723,[13],0
blk_-7637577152926063076,[0],0
blk_-7640601843607665080,[12],0
blk_-7646004878694144580,[15],0
blk_-764747190320632607,[15],0
blk_-7656610147924319419,[12],0
blk_-765820154946060546,[4],0
blk_-7658293778087733436,[11],0
blk_-7667417209393167541,[3],0
blk_-7668075074035173978,[4],0
blk_-7678242108759603056,[15],0
blk_-7680599654910200999,[11],0
blk_-7683667795522321323,[12],0
blk_-7693277678281547790,[4],0
blk_-7709713535298137702,[4],0
blk_-7716943410942322104,[13],0
blk_-7724713468912166542,[16],0
blk_-7727864185516010230,[15],0
blk_-774267833966018354,[15],0
blk_-7764040409370932316,[15],0
blk_-7767902948513849386,[4],0
blk_-7778922135767840250,[12],0
blk_-7794786562417612249,[0],0
blk_-7803343374223161433,[18],0
blk_-7815259387557421424,[15],0
blk_-7820996703068538967,[15],0
blk_-7832937837605180330,[10],0
blk_-7837339190764609698,[16],0
blk_-7846283874350947646,[4],0
blk_-7854501109698465657,[10],0
blk_-7866582011201618766,[2],0
blk_-7873581794069372986,[4],0
blk_-7878121102358435702,[1],0
blk_-7893636450787030202,[0],0
blk_-7894824934989391122,[4],0
blk_-7909610753867924116,[0],0
blk_-7911408976820434495,[15],0
blk_-7914996925059840931,[15],0
blk_-7928230000822317050,[10],0
blk_-793506372912437289,[4],0
blk_-7937864120968665564,[12],0
blk_-7948158002985968470,[12],0
blk_-795209964982424254,[4],0
blk_-7983508786213002472,[11],0
blk_-7985144765168396303,[0],0
blk_-7988596544606686086,[1],0
blk_-7990763409688650846,[16],0
blk_-7999375661905777727,[4],0
blk_-800664075087524591,[12],0
blk_-8014701913801168461,[10],0
blk_-8015797075596093783,[13],0
blk_-8022986908643041177,[0],0
blk_-8023826090828946372,[11],0
blk_-8026264173633579073,[4],0
blk_-8049908920306758342,[13],0
blk_-8050165297538775793,[18],0
blk_-805262942087665153,[12],0
blk_-8060252929692927663,[10],0
blk_-8077373411465716253,[0],0
blk_-8082428389627750477,[11],0
blk_-8083036675630459841,[11],0
blk_-808401720390253471,[12],0
blk_-8093500164295459838,[12],0
blk_-8108913101671416218,[12],0
blk_-8121498678081035000,[4],0
blk_-8123824094195108685,[15],0
blk_-8127580564011467092,[0],0
blk_-8130925109202184099,[4],0
blk_-8131422413299851907,[10],0
blk_-8144387882075572886,[10],0
blk_-8145226289286457574,[0],0
blk_-8162657657061473938,[15],0
blk_-8167717961644709843,[9],0
blk_-8187008844253719581,[16],0
blk_-8192956077351896648,[13],0
blk_-8198423074054354279,[15],0
blk_-8214089520956286311,[13],0
blk_-8225435781013159573,[12],0
blk_-8227485321105019293,[15],0
blk_-8241093737585222406,[13],0
blk_-8246207776580662770,[12],0
blk_-8255732027871411321,[15],0
blk_-826920518336899809,[2],0
blk_-8277873627721528374,[16],0
blk_-8294986551316947211,[10],0
blk_-8298519990603402919,[0],0
blk_-8306714721294235181,[16],0
blk_-8310554294841246175,[13],0
blk_-8312238797251504127,[4],0
blk_-8323785930877970805,[15],0
blk_-8329840785892216949,[12],0
blk_-8347949825960763812,[18],0
blk_-8351015090014570293,[4],0
blk_-8353423262983821010,[4],0
blk_-8360774680830158225,[10],0
blk_-8364400144313355814,[12],0
blk_-8377763431920892140,[13],0
blk_-8380267327243110056,[2],0
blk_-8383503596684323017,[10],0
blk_-8389657728641837382,[12],0
blk_-8393060055740236791,[0],0
blk_-8403618945096094999,[4],0
blk_-8408087700903896282,[2],0
blk_-8426741581316629266,[2],0
blk_-8428590803682810851,[0],0
blk_-8435779070374485499,[12],0
blk_-8443921001690182522,[10],0
blk_-8475679647841427708,[15],0
blk_-8483420270408348004,[0],0
blk_-8484827087450439270,[10],0
blk_-8495670552887053546,[11],0
blk_-8502460962248995911,[0],0
blk_-8507209254958698084,[18],0
blk_-852118157909078164,[15],0
blk_-8522942048313632858,[11],0
blk_-8523968015014407246,[13],0
blk_-8524274644018377752,[15],0
blk_-8524952715666214329,[13],0
blk_-8547071368131084410,[10],0
blk_-8558281124275910849,[11],0
blk_-8558845834445970595,[0],0
blk_-8562334328670278932,[15],0
blk_-8563999607069929505,[15],0
blk_-8568673600040025636,[12],0
blk_-8570780307468499817,[7],0
blk_-8571819028995448536,[15],1
blk_-8584158329012779023,[15],1
blk_-85872290979354091,[12],0
blk_-8588908000680498,[10],0
blk_-8617088607862430908,[10],0
blk_-8632488927959646482,[4],1
blk_-8638442557570632582,[12],0
blk_-8641647081502666269,[13],0
blk_-8645365827804358878,[2],0
blk_-8649503431827393598,[15],0
blk_-8657800226489501791,[0],0
blk_-8674089929114017279,[16],0
blk_-8679916835272129336,[11],0
blk_-8703611999267892995,[15],0
blk_-8736461628840265232,[4],0
blk_-8744988583359134013,[1],0
blk_-8745453424063341007,[12],0
blk_-8769398708439834546,[4],0
blk_-8775602795571523802,"[10, 10]",0
blk_-878226404201600469,[15],1
blk_-8788032532930439012,[15],0
blk_-8789402864074203800,[13],0
blk_-8792837405349224102,[10],0
blk_-8796256534683400159,[10],0
blk_-8834022217832819265,[15],0
blk_-8835758154471700679,[13],0
blk_-8838161455213213548,[15],0
blk_-8838632285969241889,[15],0
blk_-8847552694913526632,[13],0
blk_-8848810702648406400,[10],0
blk_-8852638972311349374,[15],0
blk_-8856628810470361280,[15],0
blk_-8863130543753323383,[4],0
blk_-8876879715755468215,[15],0
blk_-8879979113392880065,[15],0
blk_-8887373200836701910,[4],0
blk_-8898274302731129139,[10],0
blk_-8907436477337775860,[16],0
blk_-8915123233040672605,[15],0
blk_-8915491531889006304,[16],0
blk_-8923698979247229952,[13],0
blk_-8923923031063738809,[0],0
blk_-8924134715029713489,[0],0
blk_-8939321760994370713,[12],0
blk_-8948316319329891645,[1],0
blk_-8949548167466276130,[10],0
blk_-8965508153794244104,[13],0
blk_-8969188698416564850,[12],0
blk_-8974021306351083168,[15],0
blk_-9001895211102825241,[12],0
blk_-900229825899812461,[12],0
blk_-900758580041645081,[0],0
blk_-9013487557842539661,[13],0
blk_-9016567407076718172,[6],0
blk_-9017308542351369260,[10],0
blk_-9038475355621289969,[10],0
blk_-9049344623659872649,[0],0
blk_-9056276727170871967,[4],0
blk_-9056748866943837167,[0],0
blk_-9056865861421808370,[12],0
blk_-9069971851590882719,[0],0
blk_-9089815063425241739,[13],0
blk_-9092685890953655332,[15],0
blk_-9098645110390099509,[12],0
blk_-9103764593642564543,[15],1
blk_-9110604833387121363,[12],0
blk_-9120005470237070778,[12],0
blk_-9132218772786220159,[12],0
blk_-9161369067334198861,[12],0
blk_-9162090767925303921,[2],0
blk_-9167880724995702718,[13],0
blk_-9169228974826183399,[10],0
blk_-9171803179611497035,[10],0
blk_-9171930401624803515,[10],0
blk_-917268749136585019,[12],0
blk_-9181958042427679309,[0],0
blk_-9188933731705791676,[13],0
blk_-9190864897806028230,[13],0
blk_-9198375937828232046,[12],0
blk_-9211699406261033878,[13],0
blk_-921231092429668424,[10],0
blk_-9220604860626391374,[4],0
blk_-931590117143327078,[15],0
blk_-945770324989341170,[4],0
blk_-954856062493437881,[13],0
blk_-966013175018359901,[12],0
blk_-967145856473901804,[13],0
blk_-989798817617753264,[0],0
blk_-997605125898553536,[13],0
blk_1002945451269828722,[12],0
blk_1018961650823645078,[10],0
blk_1021828391502582165,[0],0
blk_102441832197223997,[15],0
blk_1043487525777829194,[4],0
blk_1057763407402503745,[15],0
blk_1060814796407897179,[13],0
blk_1064470652608359218,[13],0
blk_1074754942323612586,[15],0
blk_107727140948970996,[10],0
blk_1077394056781488,[12],0
blk_1078000656626961731,[16],0
blk_1102735311308675356,[4],1
blk_1104376461837247304,[2],0
blk_111759050707136656,[0],0
blk_1119272693889755844,[0],0
blk_1122812501843755360,[15],0
blk_1129715194117079802,[0],0
blk_1144571179430079218,[10],0
blk_1150231966878829887,[18],0
blk_1151012386083696649,[0],0
blk_1155029843511109085,[12],0
blk_1184972950286241114,[10],0
blk_1188202922232921994,[13],0
blk_1190791818440776717,[13],0
blk_1200136320542454615,[16],0
blk_120277101968534224,[13],0
blk_1213582438865696738,[10],0
blk_1216611589160220108,[12],0
blk_1247599917761164561,[13],0
blk_1253515519191706153,[1],0
blk_1259893634804870815,[12],0
blk_1275198635723397883,[4],0
blk_1279439901767890758,[12],0
blk_1302893891174665780,[4],0
blk_1303107722036031233,[0],0
blk_1321799290531408498,[15],0
blk_1345503778930512538,[15],0
blk_1349228381785843634,[12],0
blk_1350741653957819140,[10],0
blk_1369784431092292099,[10],0
blk_1379455396847512711,[9],0
blk_1389634598105954660,[0],0
blk_1394107495884949139,[15],0
blk_1407935810673971357,[15],0
blk_1408672604432845193,[12],0
blk_1411218759880637753,[13],0
blk_1441315972355360459,[0],0
blk_1447281351164457761,[0],0
blk_1463530401988623658,[15],0
blk_1473949624670719319,[14],1
blk_1481009974400305784,[4],0
blk_1483582953997932733,[10],0
blk_148513789886825227,[15],0
blk_1489031087420498797,[13],0
blk_1498192967843651378,[13],0
blk_1508705816376906895,[12],0
blk_1512136249403454074,[15],0
blk_1512923509505250283,[0],0
blk_1526403491950199810,[0],0
blk_153508158653341141,[10],0
blk_1543605971733759530,[4],1
blk_155320394753274773,[13],0
blk_1553688227908800900,[10],0
blk_1561008813520212225,[13],0
blk_157913239647511296,[12],0
blk_1584196996810164915,[18],0
blk_1587615395786683981,[10],0
blk_1589878256898761558,[0],0
blk_1594026090263820445,[0],0
blk_1598414622053793245,[16],0
blk_1600228140214754078,[13],0
blk_1606295458729964667,[15],0
blk_1636660629634995787,[0],0
blk_1639683981444528748,[12],0
blk_1646534811870220828,[11],0
blk_1646909113279517647,[13],0
blk_1649162819905816843,[18],0
blk_165707910410871749,[12],0
blk_166171721314010075,[4],0
blk_1683075246463470765,[11],0
blk_1686195200514944346,[11],0
blk_1689772850125323349,[10],0
blk_1692958087244489888,[10],0
blk_1714886759174770356,[4],0
blk_1724757848743533110,[15],0
blk_1727371778357941761,[15],0
blk_1744485040428751334,[15],0
blk_1746384029810476219,[10],0
blk_1756478622414930264,[0],0
blk_1777689952069868672,[4],0
blk_1779145401405339993,[0],0
blk_1781953582842324563,[10],0
blk_1793140687921032046,[0],0
blk_1815340037591016775,[4],0
blk_1824928871191121429,[10],0
blk_1828089683746536118,[13],0
blk_1832308388558480,[1],0
blk_1833093108290599780,[0],0
blk_1838564958520120941,[10],0
blk_1858805942071850133,[2],0
blk_1859772752119590543,[15],0
blk_1865953191447352631,[0],1
blk_1869228153483717375,[15],0
blk_1910039736720341651,[11],0
blk_1910319264393500537,[1],0
blk_1920931690498309324,[10],0
blk_1927336911952959118,[12],0
blk_1960893136630391966,[4],0
blk_1979447750586388860,[4],0
blk_1997668456720275587,[12],0
blk_2015610615789582788,[0],0
blk_2016964533702776852,[12],0
blk_2026200052147887341,[12],0
blk_2028803850179311599,[12],0
blk_2038610753592374847,[16],0
blk_2039230511363331616,[16],0
blk_2040222317555585426,[12],0
blk_2059389709317340334,[0],0
blk_2060553104861908174,[4],0
blk_2063252936853409868,[13],0
blk_207875475387433291,[0],0
blk_2080318574920472813,[15],0
blk_2084123600915946046,[1],0
blk_2089955821703690032,[12],0
blk_2096030750186708493,[12],0
blk_2096199637324483321,[12],0
blk_2096692261399680562,[3],1
blk_2101007907134483259,[11],0
blk_2107487634698646045,[10],0
blk_2111886617384066018,[12],0
blk_2113880130496815041,[0],0
blk_2119401975697524206,[0],0
blk_2128110944185709079,[12],1
blk_2139707931694085102,[11],0
blk_2147212041377545584,[15],0
blk_2149728827322918746,[4],0
blk_2151150262081352617,[12],0
blk_2154193600525549460,[4],0
blk_215466486430758887,[12],0
blk_2156262111024914941,[10],0
blk_2157471834570224881,[13],0
blk_2166777223671724319,[15],0
blk_2180875151184358991,[10],0
blk_2208589726473895860,[15],0
blk_2215517976324634098,[10],0
blk_2241654010576170013,[12],0
blk_2243777557693112935,[12],0
blk_2244903517044280975,[11],0
blk_22457656256024207,[10],0
blk_2247786307216183697,[13],0
blk_2253084440592362960,[13],0
blk_2259206517962925438,[4],0
blk_2261089810991980611,[12],0
blk_2262752117989012641,[11],0
blk_2270593866672608129,[13],0
blk_2273334621242106674,[16],1
blk_2278708746675870163,[10],0
blk_2282833575688432184,[12],0
blk_2294700909811950327,[13],0
blk_2304296078821316612,[4],0
blk_2312679955495839894,[0],1
blk_231502148921342925,[13],0
blk_2322432806134104317,[16],0
blk_2341651676737321162,[4],0
blk_2353918919834315845,[10],0
blk_2377150260128098806,[0],0
blk_2377944115560974127,[15],0
blk_2380775154966815858,[15],1
blk_2389216938154332862,[12],0
blk_2403370969415186087,[10],0
blk_241585185788373386,[13],0
blk_2426255659473300323,[4],0
blk_2430417102497887445,[0],0
blk_2460145905812664251,[0],0
blk_2468407162668753567,[4],1
blk_2473550781612396886,[10],0
blk_2474460483915499078,[13],0
blk_247452006316846355,[4],0
blk_2489882700357182381,[9],1
blk_2508619583759354778,[12],0
blk_2513940824125131775,[1],0
blk_2529569087635823495,[12],0
blk_2568309208894455676,[4],0
blk_2570966823909513791,[12],0
blk_2576408434603492552,[4],0
blk_2583125615128303019,[15],0
blk_2583600095045026513,[15],0
blk_2593937801738981947,[0],0
blk_2599050023684318911,[13],0
blk_2616961363639592748,[13],0
blk_2618566506268332756,[0],0
blk_2630223487595425525,[1],0
blk_2652444451422301232,[13],0
blk_2657997043417110888,[4],0
blk_2691304991047255190,[12],0
blk_2708206493147801743,[10],0
blk_271142976916798281,[15],0
blk_2713941272199175167,[4],0
blk_2731617036199392057,[10],0
blk_2731746367139956284,[10],0
blk_2735034460607366827,[15],0
blk_2736251498135196075,[4],1
blk_2737505352081488746,[15],0
blk_2740792916077430444,[0],0
blk_2749066163012162435,[0],0
blk_2756799797410851893,[10],0
blk_2771018387166611008,[13],0
blk_278357163850888,[0],1
blk_2819581679409796253,[12],0
blk_2824047463816148563,[15],0
blk_2833019093942278701,[12],0
blk_283922378823540530,[12],1
blk_2847401988110989655,[2],0
blk_2851869865185325732,[12],0
blk_285336326661214154,[1],0
blk_2866275036574950116,[16],0
blk_2869833078504290822,[4],0
blk_2879780987351022871,[11],0
blk_2904134648927436267,[18],0
blk_2917692073041583988,[12],0
blk_2937758977269298350,[15],0
blk_2953550760670423417,[12],0
blk_2957756905007569214,[12],0
blk_2967299761311489673,[11],0
blk_2969087638814291714,[11],0
blk_2972699288862031202,[15],0
blk_2974262690755997396,[12],0
blk_2980964138205299397,[15],0
blk_2986720270598512615,[16],0
blk_300967862449910205,[0],0
blk_3016571528120363023,[15],0
blk_3020717811556957482,[15],0
blk_3049351456771045311,[13],0
blk_3050920587428079149,[0],0
blk_3067558337579347170,[15],0
blk_3068335169639013019,[13],0
blk_3070718541088657475,[12],0
blk_3073404534069578592,[0],0
blk_3076992299328673559,[10],0
blk_3079488924320077240,[0],0
blk_3083630442630693250,[13],0
blk_3084588477220583373,[13],0
blk_3087787567144441647,[16],0
blk_3088175971503531298,[12],0
blk_3107521534415119817,[13],1
blk_3134656542322449478,[0],0
blk_313888672758374538,[15],0
blk_3141363517520802396,[18],0
blk_3160319368100972992,[12],0
blk_3166960787499091856,[16],0
blk_3169060243663461885,[11],0
blk_3181161977343808286,[15],0
blk_3202507081359904616,[0],0
blk_3206064173813164493,[0],0
blk_3221204570666147236,[10],0
blk_3222673463853349950,[0],0
blk_3224184805694764748,[13],0
blk_3224393364314749254,[13],0
blk_3231389654886008065,[4],0
blk_3235988328669699941,[15],0
blk_323887415551221572,[15],0
blk_3242229894054064344,[13],0
blk_3243316191092266549,[0],0
blk_3248835454898465560,[15],0
blk_325981833999429148,[0],0
blk_3259872359515191972,[12],0
blk_3274968259628929519,[10],0
blk_3278280638950561822,[12],0
blk_3280859030919654043,[4],0
blk_3291173852929756766,[2],0
blk_3304535870056962597,[13],0
blk_3312198496468502316,[10],0
blk_3318864983801406136,[12],0
blk_3322875843051058970,[15],0
blk_3332848207645320273,[4],0
blk_3336810835691486095,[10],0
blk_3338047823148530794,[12],0
blk_3358274959811806117,[15],0
blk_3376391218693716925,[2],0
blk_3378157549705391333,[12],0
blk_3386670145292909259,[13],0
blk_3406384548372443486,[0],0
blk_342378162324355732,[16],0
blk_3428998332517532825,[4],0
blk_3433046099598424314,[12],0
blk_3441699978641526775,[11],0
blk_344934934043642744,[0],0
blk_345577139488306634,[15],0
blk_3463540868626173125,[13],0
blk_3480684347183600958,[13],0
blk_34905976850091068,[12],0
blk_3492869167398569662,[4],0
blk_3506875694435075421,[0],0
blk_3515154079719300106,[16],0
blk_352185875883785141,[10],0
blk_3539852484771802299,[4],0
blk_3542047035353248258,[15],0
blk_3550669278239526374,[13],0
blk_355286618997526877,[4],0
blk_356592557993755459,[4],0
blk_358331073189608564,[4],0
blk_3584162266158512993,[12],0
blk_3585424189730250601,[0],0
blk_3585588704565901062,[10],0
blk_3586596428873150919,[13],0
blk_3587508140051953248,[13],0
blk_3598226258881465924,[15],0
blk_3598904881888399067,[4],0
blk_3637945019239882309,[4],0
blk_3652427357251545055,[4],0
blk_365496398062338141,[16],0
blk_3695169334833427187,[12],0
blk_3706543205492061794,[10],0
blk_3729730843466061623,[4],0
blk_3733339790842827121,[10],0
blk_3735517274901501821,[4],0
blk_3755116621101133849,[12],0
blk_3763728533434719668,[11],0
blk_3764801892187716497,[0],0
blk_3764836840384130740,[2],0
blk_3776895047834644694,[2],0
blk_3777389444004341563,[13],0
blk_3777399812922072863,[13],0
blk_3777400576053320362,[13],0
blk_3781645897486585075,[12],0
blk_3790492230047189408,[11],0
blk_3792448673967861371,[4],0
blk_3797494971676497497,[16],0
blk_3808164640986377400,[15],0
blk_3813891701916249413,[13],0
blk_3846795603907041885,[15],0
blk_3848747149919646864,[11],0
blk_3849239820458663566,[0],0
blk_3852281952649038166,[13],0
blk_3858015337960682724,[4],0
blk_3862032846413436284,[10],0
blk_387577766066135394,[3],0
blk_3876184938151091897,[4],0
blk_38865049064139660,[12],0
blk_3894335463008345041,[18],0
blk_3905759687686730625,[16],0
blk_3911263675181899748,[0],0
blk_391507259220628397,[9],0
blk_391813102554451063,[12],0
blk_3921292580505776296,[10],0
blk_3922791077126964673,[12],0
blk_392347292517057138,[15],0
blk_3924177422736829493,[13],0
blk_3940282600163903101,[12],0
blk_3941798034503185737,[15],0
blk_3946183108430554053,[4],0
blk_3954386352306480748,[0],0
blk_3958940914408609637,[12],0
blk_3960527526103274525,[13],0
blk_3961831045048378097,[13],0
blk_3962600675982666210,[15],0
blk_3963698556744744747,[16],0
blk_3972778210951456006,[15],0
blk_397848436489409658,[12],0
blk_3979872751691718643,[16],0
blk_4007982883396598426,[10],0
blk_4029139044660806713,[7],0
blk_4029732570544915384,[13],0
blk_4031738712701565209,[13],0
blk_4048438071314937575,[11],0
blk_406835586147450451,[12],0
blk_4068667188725811395,[12],0
blk_4069436988023676023,[0],0
blk_4081177399275502985,[16],0
blk_4098532420907418423,[13],1
blk_412956398445037066,[12],0
blk_413552235254424009,[4],0
blk_4149909442914612270,[15],0
blk_4154740411570608045,[0],0
blk_4162832865986721185,[10],0
blk_4170936278386288557,[0],0
blk_4178945095089206682,[12],0
blk_4182287230523664560,[13],0
blk_4198733391373026104,[15],0
blk_4207359722112667226,[12],0
blk_4210124392039605712,[2],0
blk_4214952053910973364,[1],0
blk_4225726256421431188,[1],0
blk_4231049049582051919,[13],0
blk_4233013542759682998,[15],0
blk_4234385041723406944,[0],0
blk_4238127626194855481,[15],0
blk_423916008836295480,[0],0
blk_424255210146453297,[11],0
blk_424461424221613461,[11],0
blk_4263664068073345850,[13],0
blk_426381928692704514,[13],0
blk_427477290315080955,[13],0
blk_427714267500527780,[0],0
blk_4284688617983009262,[15],0
blk_4292382298896622412,[17],1
blk_429279891070363457,[12],0
blk_4294115716822011564,[13],0
blk_4307207852226914003,[0],0
blk_4318179566727871532,[0],0
blk_4330492872922862223,[0],0
blk_434034567989619521,[4],0
blk_4343207286455274569,[15],0
blk_4355450627202483068,[16],0
blk_4357276972386184626,[11],0
blk_4361294871479973840,[0],0
blk_4365203784873840210,[10],0
blk_4367982328407767477,[10],0
blk_4385764838827095986,[0],0
blk_4404895858852856851,[12],0
blk_4414644179961808738,[15],1
blk_4433676399725693167,[13],0
blk_4438674026376140804,[4],0
blk_4443043493758564822,[13],0
blk_446513188203036714,[0],0
blk_4471044334742081825,[4],0
blk_4473390551542202999,[0],0
blk_449049393237281194,[10],0
blk_4499140370762613763,[4],0
blk_4506604798892399878,[10],0
blk_4513772639980123655,[9],0
blk_4516306414837452219,[4],1
blk_4524198807982839635,[11],0
blk_4531288786306744275,[1],0
blk_4539833452749813987,[13],0
blk_4553790855855864497,[0],0
blk_4565822428702518889,[12],0
blk_4568377692254637284,[12],0
blk_4568434182693165548,[0],0
blk_4575129504644372394,[12],0
blk_4577632468651859430,[0],0
blk_4581070264530964999,[11],0
blk_4585055992495043771,[0],0
blk_4588471931728384541,[13],0
blk_4599950495841528213,[15],0
blk_4614530673206341566,[13],0
blk_4628142183191390143,[0],0
blk_4628975089896927394,[12],0
blk_4631777956354958682,[4],0
blk_4632283243694149854,[10],0
blk_4638603954320058978,[12],0
blk_4640277741339926850,[4],0
blk_4641147544753118391,[0],0
blk_465845235850106928,[15],0
blk_4658551441818960395,[10],0
blk_467589865104023338,[0],0
blk_469126362137371425,[15],0
blk_469871968689793326,[13],0
blk_4713539908695785630,[10],0
blk_4713968111267226537,[4],0
blk_4738781172941319823,[4],0
blk_4741107979793372752,[12],0
blk_4742178675580222210,[15],0
blk_4755566011267050000,[13],0
blk_4774383661473695119,[13],0
blk_4774656339381154282,[12],0
blk_4777657900314457675,[0],0
blk_4783621682384104986,[15],0
blk_4786794545180705888,[12],0
blk_4802366409699286298,[0],0
blk_4812792845864526586,[0],0
blk_481857539063371482,[11],0
blk_4820650745157199554,[15],0
blk_4834069779372284635,[4],0
blk_4841101867353115844,[2],0
blk_4848669047361069041,[16],0
blk_4863571548336254624,[10],1
blk_4873550540813847659,[12],0
blk_48742413802609430,[13],0
blk_4877808040461609832,[12],0
blk_4884219613602801814,[12],0
blk_4886940526690879848,[12],0
blk_4893049344332234616,[0],0
blk_4934527196392001803,[11],0
blk_4939101994162863442,[10],0
blk_49420377461855719,[13],0
blk_4959462704623252283,[15],0
blk_4963214289850966664,[11],0
blk_496376132244907301,[1],0
blk_4967370797322420259,[13],0
blk_4967492069970766092,[12],0
blk_4984150784048864430,[2],0
blk_4984720043834039361,[0],0
blk_4989329877491629543,[13],0
blk_4992622607400168655,[0],0
blk_5017373558217225674,[12],0
blk_5018765878120211503,[12],0
blk_5018797996887008111,[4],0
blk_5062112794659861146,[13],0
blk_5075966182561035053,[10],0
blk_5095897972833086609,[0],0
blk_5100975846124291571,[10],0
blk_5106303344783117537,[2],0
blk_5114010683183383297,[0],0
blk_5114572025256210948,[12],0
blk_5115892145206906855,[12],0
blk_5118390778403008591,[13],0
blk_512039711533506696,[0],0
blk_5126469776250053435,[11],0
blk_5163387277374142808,[4],0
blk_5165786360127153975,[0],0
blk_5174461779237739025,[13],0
blk_5176179471361959897,[4],0
blk_5176855630425795751,[0],0
blk_5178539130945718870,[4],0
blk_5183831565578080242,[2],0
blk_5203504995927133832,[4],0
blk_5209577451013188921,[10],0
blk_5210211633167259832,[0],0
blk_5216491057643255876,[15],0
blk_5225719677049010638,[12],0
blk_5240632065631390212,[16],1
blk_5250287988089075029,[13],0
blk_5256716488526744434,[15],0
blk_5262186175243998904,[12],0
blk_5272005015837990021,[10],0
blk_5272731391668336674,[15],0
blk_5272761429354463572,[0],0
blk_5277338321835341602,[0],0
blk_5335498635665743905,[15],0
blk_5348548743130215090,[13],0
blk_5379939266348893280,[13],0
blk_5385121219895615240,[16],0
blk_5390763359901143305,[0],0
blk_5402003568334525940,[13],0
blk_5406084276349645828,[13],0
blk_541463031152673662,[0],0
blk_5453150794205420798,[10],0
blk_5454332143498402824,[16],0
blk_5454423648092670683,[12],0
blk_5489815612272797790,[0],0
blk_5491101910066444061,[0],0
blk_5496448884081025648,[4],0
blk_549647953114643908,[12],0
blk_5505696082121135363,[4],0
blk_5525607749827896334,[15],0
blk_5528471097481810388,[10],0
blk_5547569777499890340,[11],0
blk_5565611615515783341,[15],0
blk_5570475465835003801,[0],0
blk_5572208681898881669,[4],0
blk_5574898547439146021,[0],0
blk_557803157214911261,[13],0
blk_5580254744888391593,[4],0
blk_559204981722276126,[3],0
blk_5600017220681756254,[13],0
blk_560063894682806537,[13],0
blk_5602895463700536678,[13],0
blk_561417755647618727,[10],0
blk_5616920288053661280,[4],0
blk_5641239200978828454,[15],0
blk_5646792755154529338,[0],0
blk_5648034804629064273,[13],0
blk_5663417083925711869,[12],0
blk_566413670355737377,[13],0
blk_5668137923110942035,[4],0
blk_5689009809369418749,[4],0
blk_5689516499354445029,[12],0
blk_5701964561533648583,[10],0
blk_5702487846232575705,[4],0
blk_5708405953850477535,[1],0
blk_570916157110129687,[4],0
blk_572492839287299681,[12],0
blk_5729560286355779655,[12],0
blk_5733038550092620376,[0],0
blk_5736622945587812309,[10],0
blk_5739119717322549945,[16],0
blk_5760391051658436046,[15],1
blk_5771906433100975293,[10],0
blk_5781019224640206392,[15],0
blk_5781791720343455145,[0],0
blk_578261619176233743,[0],0
blk_5782729236964719738,[1],0
blk_5792489080791696128,[15],0
blk_5806397523737304814,[10],0
blk_5809900021002850724,[0],0
blk_5813361416484537967,[0],0
blk_5813923864071791162,[13],0
blk_5816171803790152026,[15],0
blk_5834218936335592624,[13],0
blk_5844313985011885282,[1],0
blk_5868517220927475394,[4],0
blk_5872617224009342667,[2],0
blk_5881782374981838094,[15],0
blk_5894088883762961800,[1],0
blk_5905689738251144455,[9],0
blk_5905933788014151041,[11],0
blk_5912213716795619450,[12],0
blk_591323161994959677,[15],0
blk_5915244038969911075,[13],0
blk_5938666289587069744,[0],0
blk_5948455948626091880,[10],0
blk_5952254363678329024,[16],0
blk_5953577136151423920,[0],0
blk_5955377624764578810,[0],0
blk_5963655886023015963,[0],0
blk_5963816136267066159,[12],0
blk_5971534893446541111,[0],0
blk_5977008528949258706,[15],0
blk_5983149244832683042,[15],0
blk_5989505185938770383,[15],0
blk_6000837850922531821,[13],0
blk_6002109944224710483,[0],0
blk_6017354285686373326,[12],0
blk_6030936529326346827,[12],0
blk_6031076349976322578,[4],0
blk_6039898256291822367,[0],0
blk_6048652012880073760,[12],0
blk_6051144263842600010,[10],0
blk_6054235487623373096,[2],0
blk_6055109613223910610,[12],0
blk_6077744985764117617,[10],0
blk_6080034782037237879,[0],0
blk_6085274723649229095,[15],0
blk_6085442148007558065,[10],0
blk_608957629753483727,[1],0
blk_6093743385844975689,[0],0
blk_6093858391888371854,[4],0
blk_6095704128062577668,[0],0
blk_6105506155797750768,[16],0
blk_6106884317961925960,[11],0
blk_6107935679779418195,[15],0
blk_6108023147232847992,[15],0
blk_6123232805286187512,[12],0
blk_6125469222540396851,[0],0
blk_6137960563260046065,[12],0
blk_6138894560185644209,[10],0
blk_6140788650991100539,[1],0
blk_6147898566868510104,[10],0
blk_6148201552996212693,[10],0
blk_6163400028286940197,[10],0
blk_6170586659371027531,[0],0
blk_6178964531181542074,[1],0
blk_6204056282927975796,[12],0
blk_621685330749869453,[0],0
blk_6223504502438507199,[10],0
blk_6238543795209416553,[0],0
blk_6241141267506413726,[11],0
blk_6245594177708848366,[15],0
blk_6285161494041403917,[0],0
blk_6296828743242110158,[16],0
blk_6308888821787547357,[0],0
blk_6323743466920239525,[13],0
blk_6324712740029479576,[4],0
blk_6329639726609402522,[13],0
blk_6332892729727950039,[11],0
blk_6338761369201338121,[16],0
blk_6373260430960091026,[10],0
blk_6374836031306809839,[1],0
blk_6392434729242722288,[4],0
blk_6398122733993275620,[15],0
blk_6400082566804273401,"[1, 15]",0
blk_6406847509870023726,[13],0
blk_6413710007211667486,[4],0
blk_6413965758113058023,[15],0
blk_641646158310569454,[2],0
blk_6417614801998326532,[15],0
blk_6445339027653789144,[10],0
blk_6446927133528675675,[13],0
blk_6451403582950672007,[0],0
blk_6465095458973828118,[12],0
blk_6489659315944341351,[4],0
blk_6490003020931145707,[13],0
blk_6491424745418112176,[15],0
blk_6491888411266994867,[10],0
blk_6497260538939100482,[10],0
blk_6499414220139660338,[10],0
blk_6514181997629420906,[12],0
blk_6516880861186877710,[13],0
blk_6534693994677948144,[13],0
blk_6542592144596063478,[10],1
blk_6547729596040509998,[0],1
blk_6552418180158772377,[16],1
blk_6556854018013706836,[15],1
blk_6563909003697001371,[15],0
blk_6585429064641693815,[15],0
blk_6601059760261449131,[1],0
blk_6610244864386894422,[12],0
blk_6628512193350164674,[15],0
blk_6640583412927022083,[0],0
blk_6655622109568310643,[16],0
blk_666713934549639791,[16],0
blk_6672666770563118759,[15],0
blk_6675543598756975559,[0],0
blk_6675564098604634452,[10],0
blk_668295516093167045,[16],0
blk_6685663454079607598,[13],0
blk_6686361711974377273,[13],0
blk_6690143611140381289,[2],0
blk_6695517786834913217,[10],0
blk_6698851413708497072,[13],0
blk_6702054389824523327,[11],0
blk_6730979070070986233,[13],0
blk_673825774073966710,[0],0
blk_6745520736924802462,[12],0
blk_6746178639682808096,[13],0
blk_6748710057489679257,[0],0
blk_6749232449432458524,[3],0
blk_6763863888784019261,[4],0
blk_6791628131402590260,[12],0
blk_679168189072909208,[12],0
blk_6799391641508508235,[13],0
blk_6807535563873595117,[15],0
blk_6809155287484296510,[12],0
blk_6818232325322327288,[12],0
blk_6828121630547887549,[0],0
blk_6828263829429857572,[10],0
blk_6855535886504612774,[4],0
blk_6868050965297613251,[15],0
blk_6880728743505526406,[13],0
blk_6881216037013929188,[4],0
blk_6888300867578983331,[10],1
blk_6894918622505820383,[13],0
blk_691517018986659607,[15],0
blk_6918427074195439966,[12],0
blk_6921674711959888070,[13],0
blk_692184983396207285,[13],0
blk_6928449948805597176,[0],0
blk_6943254721518837570,[10],0
blk_6973321719929905054,[10],0
blk_6975937964598933356,[12],0
blk_6988110707613820142,[15],0
blk_6996194389878584395,[18],1
blk_699651392443620263,[15],0
blk_7016884347337429710,[13],0
blk_7017399031777870797,[4],0
blk_703046261120042821,[12],0
blk_703049809255765647,[12],0
blk_703387617548630438,[12],0
blk_7045475543362904558,[4],0
blk_7048740572660501729,[4],0
blk_7061131805920430446,[15],0
blk_706826531153199550,[15],0
blk_707166530951154301,"[12, 0]",0
blk_7078766226078740026,[12],0
blk_708101772844351082,[12],0
blk_7090935285617451450,[10],0
blk_7094265091490664593,[4],0
blk_70980361971054326,[10],0
blk_7108974241330205218,[10],0
blk_712730845180531820,[12],0
blk_7128370237687728475,[0],0
blk_7154985168984871115,[11],0
blk_7177118590277025973,[4],0
blk_7190156588310412626,[10],0
blk_7193551490488433552,[15],0
blk_7194943883245628915,[13],1
blk_7197514030988119866,[4],0
blk_7206839389762980382,[10],0
blk_7213990003235926706,[13],0
blk_7224257732880626802,[13],0
blk_7227035060836018780,[13],0
blk_7229716389774599497,[15],0
blk_727000711161641724,[12],0
blk_7275457888263057111,[0],0
blk_728165942214842306,[15],0
blk_7294821275446427348,[13],0
blk_7297060562345904886,[16],0
blk_7323287581932922676,[10],0
blk_7324196727355442810,[4],0
blk_7330803663603700184,[13],0
blk_7336636250384047238,[4],0
blk_73389299186801686,[11],0
blk_7345322407792942877,[12],0
blk_7347539858784653625,[15],0
blk_7360639743953947587,[10],0
blk_7400944190976416273,[4],0
blk_7412933088374169877,[12],0
blk_7413830214932763926,[13],0
blk_7415823309220171667,[0],0
blk_7430820184211246929,[0],0
blk_7434237665308221519,[0],0
blk_7439201509602018752,[0],0
blk_7453815855294711849,[0],0
blk_7463248820468902190,[13],0
blk_7473411975130090672,[4],0
blk_7474737521119026445,[0],0
blk_7481361125021302112,[0],0
blk_7484759945731484842,[13],0
blk_7489155602821840025,[11],0
blk_7500282100357271699,[12],0
blk_7501235595045510958,[13],0
blk_7505828172725463922,[11],0
blk_7513976340045981966,[15],0
blk_7517964792804498202,[11],0
blk_7519257846502835091,[10],0
blk_752365829198406123,[13],0
blk_7533949673910842243,[12],0
blk_7534378757788640871,[13],0
blk_753559000954836892,[4],0
blk_7535677865140289610,[15],0
blk_7541621664406141215,[4],0
blk_7550266985912909372,[2],0
blk_755689327380778318,[12],0
blk_7572868180557515526,[15],0
blk_7577595658377008671,[13],0
blk_7580930377559819562,[15],0
blk_7583807825342916938,[10],0
blk_7589872946955471867,[13],0
blk_7603278760520020831,[10],0
blk_7606019272539977822,[4],0
blk_7625391056418655045,[12],0
blk_7627900514276120558,[12],0
blk_7654726977769174867,[15],0
blk_7661189768086976193,[15],0
blk_7672124247291403094,[15],0
blk_7679838117000095334,[13],0
blk_7703498406755483188,[16],0
blk_7705518309270121951,[0],1
blk_7713504868233504097,[15],0
blk_7720864196601815614,[2],0
blk_7721951162137927252,[10],0
blk_7733243482102436613,[15],0
blk_773599351835388127,[10],0
blk_7736147489540456118,[13],0
blk_774612454978154966,[18],0
blk_7754477838724397551,[10],0
blk_7760079751081658559,[11],0
blk_7780461223860192433,[15],0
blk_7791237942696729620,[12],0
blk_7819984111120374407,[4],0
blk_7830067201550857864,[13],1
blk_7837529475466774167,[12],0
blk_7838843222458775811,[0],0
blk_7841365850685201915,[4],0
blk_7851643274522055587,[13],0
blk_7855353385462032387,[10],0
blk_7864850143895703065,[13],0
blk_7872746846750105239,[13],0
blk_7888946331804732825,[0],0
blk_7891129742741763034,[15],0
blk_7901008236334420364,[12],0
blk_7908524857056299716,[1],0
blk_7922331746517419368,[13],0
blk_7924393760966842810,[15],0
blk_7929144620252342335,[13],0
blk_7932704730736035192,[4],0
blk_7940316270494947483,[11],0
blk_7942183449206967755,[10],0
blk_797263375273454863,[10],1
blk_7985460426680885040,[9],0
blk_798664047382151445,[16],0
blk_7996616083434301906,[15],0
blk_8005746184358076390,[0],0
blk_8007544297333060851,[15],0
blk_8015913224713045110,[0],0
blk_8048594464172649365,[5],1
blk_8049943837789435742,[12],0
blk_805187982300776163,[4],0
blk_805587860540600864,[16],0
blk_8059204889272489644,[11],0
blk_8060713381303305129,[12],0
blk_8063831442998721547,[0],0
blk_8083872765147994327,[15],0
blk_8087142318511408355,[15],0
blk_8097409435735325492,[13],0
blk_8102707766842966459,[10],0
blk_8116683912654412228,[15],0
blk_8145984793403459836,[9],0
blk_8155177385081669900,[4],0
blk_815809455641029563,[4],0
blk_8181993091797661153,[0],1
blk_8188837227311063557,[0],0
blk_8189008752707332487,[10],0
blk_8196657927516481490,[2],0
blk_8201813022998766557,[15],0
blk_8215843708467112607,[1],0
blk_8222237992861447018,[15],0
blk_8229193803249955061,[12],0
blk_8229768485681546149,[12],0
blk_8235751201501175836,[15],0
blk_8247499802516177421,[4],0
blk_8249475180346179102,[0],0
blk_8254500345987409515,[12],0
blk_826351419727053015,[10],0
blk_8285441926344578159,[12],0
blk_8291449241650212794,[13],0
blk_8291708741145026623,[10],0
blk_8302956190102508375,[13],0
blk_8303284829424905326,[15],0
blk_8303413189200230139,[10],1
blk_830855781964014378,[10],0
blk_8320088109701056055,[12],0
blk_8323519561483823145,[0],0
blk_8348114876238571434,[12],0
blk_8350646254685996250,[4],0
blk_8376667364205250596,[11],0
blk_8384329882986724706,[4],0
blk_8384967715738359346,[10],0
blk_8404604116961181201,[4],0
blk_8408125361497769001,[13],1
blk_8418106412701718933,[12],0
blk_8422946850755720617,[12],0
blk_8436095180790908547,[10],0
blk_8442157310069672329,[4],0
blk_8452214765874767801,[15],0
blk_8457344665564381337,[16],0
blk_8459274965060101250,[12],0
blk_8466246428293623262,[11],0
blk_8473858691873523269,[15],0
blk_8474920544984206742,[13],0
blk_8478683141242372735,[11],0
blk_8482111101480751895,[16],0
blk_8483848473254499625,[10],1
blk_8487226415276391460,[12],0
blk_8492196963764530259,[10],0
blk_8493856762887493521,[4],0
blk_8512974147315737844,[0],0
blk_8521306385156958668,[0],0
blk_8527475857502481768,[0],0
blk_8527562124953828227,[0],0
blk_8550326614414622861,[12],0
blk_8556592730481313831,[9],0
blk_8561332122820208519,[2],0
blk_8574493302165689212,[15],0
blk_8591104451552720112,[16],0
blk_8596624696139957935,"[15, 1]",0
blk_859668537217019080,[12],1
blk_8598135237831029828,[10],0
blk_8602496359012842630,[4],1
blk_8615522912610884162,[10],0
blk_865453227320668516,[4],0
blk_8655748951361667770,[13],0
blk_8663640697928077697,[0],0
blk_8692428775973608797,[15],0
blk_8693774866554287286,[10],0
blk_8699194381234371727,[13],0
blk_8699831307500970779,[10],0
blk_8708862520108736953,[2],0
blk_8711213005689112399,[16],0
blk_8716294289715825928,[1],0
blk_871974742726663441,[12],0
blk_8751697793900992450,[13],0
blk_8752665860595246441,[15],0
blk_8761138012128091849,[10],0
blk_8761786041973172187,[0],0
blk_8763662564934652249,[0],0
blk_8772892713521115147,[13],0
blk_8787656642683881295,[16],1
blk_8829027411458566099,[13],0
blk_8842097432176169457,[12],0
blk_8850044049297409379,[0],0
blk_8854625173826438305,[12],0
blk_8861349372992394289,[1],0
blk_8871064397020855320,[4],0
blk_8882415653769775762,[12],0
blk_8894334107354324777,[0],1
blk_8902425017314766082,[13],0
blk_8907528844412790999,[15],0
blk_8924207394547472950,[1],0
blk_892900079071425422,[13],0
blk_8929806114713265094,[10],0
blk_8935202950442998446,[2],0
blk_8942969309743886844,[15],0
blk_8950932638808086257,[10],0
blk_8952177028039691517,[0],0
blk_8962411947457130719,[10],0
blk_8968608251219902913,[13],0
blk_8971893898579544235,[12],1
blk_8981795097778421111,[4],0
blk_8988793695103110546,[0],0
blk_8992894896370738220,[15],0
blk_8993862241777591326,[13],0
blk_9014154925388243050,[10],0
blk_901963876338651405,[10],0
blk_9034824096129858680,[15],0
blk_9034993982993401678,[2],0
blk_903961454948542202,[12],0
blk_9060964400089016309,[0],1
blk_9072486569292195232,[13],0
blk_9072829105973334075,[0],0
blk_9074030793567748915,[12],0
blk_9074726164158535746,[15],0
blk_9076677650086747187,[15],0
blk_9081834782322008396,[10],0
blk_9085898147979939648,[4],0
blk_9093049293972551787,[12],0
blk_9093176996492793041,[0],0
blk_9095955277706686312,[11],0
blk_9103049989653819836,[13],0
blk_9107849594802857322,[12],0
blk_9111860234027679206,[4],0
blk_9121519145462575118,[15],0
blk_9131004320470011870,[15],0
blk_9142114171015520823,[10],0
blk_9146254623576405494,[15],0
blk_9163807899833139121,[0],1
blk_9169945668827621796,[10],0
blk_9173199815015538212,[10],1
blk_9188832735514090334,[18],0
blk_9212264480425680329,[13],0
blk_9216955386716663841,[16],0
blk_92273823183917102,[15],0
blk_92946806844541836,[10],0
blk_931297048899943584,[15],0
blk_939695665085237271,[0],0
blk_955083461510572332,[13],0
blk_995094303184954394,[15],0
